ID1,ID2,jaccard estimate
297,146,0.3008130081300813
330,328,0.44144144144144143
362,255,0.7204301075268817
394,42,0.3445378151260504
440,325,0.5686274509803921
458,84,0.8604651162790697
460,317,0.36752136752136755
465,130,0.20300751879699247
604,319,0.5841584158415841
706,632,0.44144144144144143
860,43,0.391304347826087
875,80,0.42857142857142855
897,27,1.0
933,198,0.6842105263157895
949,285,0.797752808988764
